SET DATEFORMAT dmy;

DROP TABLE Social_status
DROP TABLE Social_status_name
DROP TABLE time_of_work 
DROP TABLE Passport 
DROP TABLE Profession
DROP TABLE Specialization
DROP TABLE Diagnosis
DROP TABLE List_status
DROP TABLE Status_act
DROP TABLE Visit
DROP TABLE Doctors
DROP TABLE Patients
DROP TABLE People 

CREATE TABLE Patients (
patient_id INTEGER NOT NULL, 
police_number VARCHAR(100),
blood_number SMALLINT  CONSTRAINT YT CHECK(blood_number <= 4 AND blood_number >= 0), 
rhesus_factor VARCHAR(1) CONSTRAINT CH_rhesus CHECK(rhesus_factor = '+' OR rhesus_factor = '-'), 
CONSTRAINT pk_patietns PRIMARY KEY(patient_id)
); 

CREATE TABLE Social_status (
social_status_id SMALLINT NOT NULL  IDENTITY(1,1), 
social_status_number SMALLINT NOT NULL, 
social_status_start DATETIME, 
social_status_end DATETIME,
patient_id INTEGER,
CONSTRAINT pk_social_status_id PRIMARY KEY(social_status_id)
);

CREATE TABLE  Social_status_name (
social_status_number SMALLINT NOT NULL  IDENTITY(1,1),
social_status_name  VARCHAR(100),
CONSTRAINT pk_ssn PRIMARY KEY(social_status_number)
); 

CREATE TABLE People (
human_id INTEGER NOT NULL IDENTITY(1,1),
first_name VARCHAR(50),
last_name VARCHAR(100),
birth_date DATETIME,
gender_name VARCHAR(1),
CONSTRAINT pk_people  PRIMARY KEY(human_id) 
); 

CREATE TABLE Passport (
passport_id INTEGER  NOT NULL IDENTITY(1,1), 
passport_number VARCHAR(30),
passport_series VARCHAR(30), 
passport_start_date DATETIME,
passport_end_date DATETIME,
human_id INTEGER,
CONSTRAINT pk_pass PRIMARY KEY(passport_id)
);

CREATE TABLE Doctors (
doctor_id INTEGER NOT NULL, 
hire_date DATETIME,
manager_id INTEGER,
CONSTRAINT pk_doc PRIMARY KEY(doctor_id)
);

CREATE TABLE time_of_work (
time_id INTEGER NOT NULL IDENTITY(1,1),
start_of_work TIME,
end_of_work TIME,
day_of_work VARCHAR (11),
doctor_id INTEGER NOT NULL,
CONSTRAINT pk_time PRIMARY KEY(time_id)
);

CREATE TABLE Profession(
doctor_id INTEGER NOT NULL,
profession_id SMALLINT  NOT NULL, 
experience_year SMALLINT,
 CONSTRAINT pk_doctor PRIMARY KEY(doctor_id, profession_id)
);

CREATE TABLE Specialization(
profession_id SMALLINT NOT NULL IDENTITY(1,1),
profession_name VARCHAR(50)
CONSTRAINT pk_spec  PRIMARY KEY(profession_id)
); 

CREATE TABLE Visit (
visit_id INTEGER NOT NULL IDENTITY(1,1),
visit_time DATETIME,
patient_id INTEGER,
doctor_id INTEGER,
redirection_id INTEGER
CONSTRAINT pk_visit PRIMARY KEY(visit_id)
);

CREATE TABLE diagnosis (
diagnosis_id INTEGER NOT NULL,
diagnosis_name  VARCHAR(100),
visit_id INTEGER
CONSTRAINT pk_diag PRIMARY KEY(diagnosis_id)
);

CREATE TABLE Status_act(
status_number SMALLINT NOT NULL,
actual_status_name VARCHAR(50),
CONSTRAINT pk_status_number  PRIMARY KEY(status_number)
);

CREATE TABLE List_status(
status_id SMALLINT NOT NULL IDENTITY(1,1),
actual_status_number SMALLINT,
actual_status_starts DATETIME,
visit_id INTEGER
CONSTRAINT pk_ls PRIMARY KEY(status_id)
);

ALTER TABLE Social_status ADD
CONSTRAINT fk_patient
FOREIGN KEY (patient_id)
REFERENCES Patients(patient_id), 
CONSTRAINT fk_socnimber
FOREIGN KEY (social_status_number)
REFERENCES Social_status_name(social_status_number)

ALTER TABLE Passport ADD
CONSTRAINT fk_human
FOREIGN KEY (human_id)
REFERENCES People(human_id)


ALTER TABLE time_of_work ADD 
CONSTRAINT fk_time
FOREIGN KEY (doctor_id)
REFERENCES Doctors(doctor_id)
ON DELETE CASCADE



ALTER TABLE Patients ADD 
CONSTRAINT fk_people
FOREIGN KEY (patient_id)
REFERENCES People(human_id)

ALTER TABLE Doctors ADD 
CONSTRAINT doc_fk
FOREIGN KEY (doctor_id)
REFERENCES People(human_id),
CONSTRAINT fk_manager
FOREIGN KEY (manager_id) 
REFERENCES Doctors(doctor_id) 

ALTER TABLE Profession ADD
CONSTRAINT fk_prof
FOREIGN KEY (doctor_id)
REFERENCES Doctors(doctor_id)
ON DELETE CASCADE,
CONSTRAINT fk_profession
FOREIGN KEY (profession_id)
REFERENCES Specialization(profession_id) 

ALTER TABLE List_status ADD
CONSTRAINT fk_vis
FOREIGN KEY (visit_id)
REFERENCES Visit(visit_id)
on update no action 
on delete no action,
CONSTRAINT act_fk
FOREIGN KEY (actual_status_number) 
REFERENCES Status_act(status_number)

ALTER TABLE Diagnosis ADD 
CONSTRAINT fk_diag
FOREIGN KEY (visit_id)
REFERENCES Visit(visit_id) 

ALTER TABLE Visit ADD
CONSTRAINT fk_redirect
FOREIGN KEY (redirection_id)
REFERENCES Visit(visit_id)
ON DELETE NO ACTION
ON UPDATE NO ACTION,
CONSTRAINT fk_pat
FOREIGN KEY (patient_id) 
REFERENCES Patients(patient_id)
ON DELETE NO ACTION
ON UPDATE NO ACTION,
CONSTRAINT fk_doooc
FOREIGN KEY (doctor_id) 
REFERENCES Doctors(doctor_id) 
ON UPDATE NO ACTION
ON DELETE NO ACTION

INSERT INTO People (first_name, last_name, birth_date, gender_name) 
VALUES
('Константин','Суходолин','01/01/1978','М'), --1
('Филимон','Голубев','07/06/2001','М'), --2
('Наум','Губанов','09/05/1994','М'),  --3
('Виктор','Ямов','08/04/1964','М'), --4
('Прокофий','Суружу','30/05/1968','М'),  --5
('Фома','Игонин','08/07/1987','М'), --6
('Евгений','Ряполов', '23/04/2002','М'),   --7
('Карп','Воронов', '24/05/2001', 'М'), --8 
('Виталий','Вавилов', '27/09/1978','М'),  --9
('Агап','Касатый','17/02/1988','М'),   --10
('Всеслав','Куксюк', '01/02/1989', 'М'), --11
('Аким','Кондаков', '09/07/1956', 'М'),  --12
('Демьян','Муратов', '06/05/1978','М'),  --13
('Фока','Гайдуков', '08/09/2001', 'М'),  --14
('Семен','Минеев','07/01/1985','М'), --15
('Вячеслав','Дорохин', '08/04/1970', 'М'), --16
('Михей','Костюк', '09/06/1978', 'М'),  --17
('Валерьян','Агеев', '10/07/1978', 'М'), --18
('Артем','Машлыкин', '11/08/1979', 'М'),   --19
('Иван','Яхлаков', '12/09/1983', 'М'),  --20
('Капитон','Карташов', '13/10/1981', 'М'), --21
('Эрнст','Новичков', '14/11/1994', 'М'),   --22
('Нестор','Фамус', '15/12/1983', 'М'),   --23
('Мечислав','Шапкин', '16/01/1974', 'M'),  --24
('Юлиан','Герасимов', '17/02/1985', 'М'),  --25
('Александр','Будников', '18/03/1984', 'М'), --26
('Никита','Банин', '19/04/1987', 'М'),  --27
('Ярослав','Шамякин', '20/05/1988', 'М'),  --28
('Валерий','Машарин', '21/06/1989', 'М'),  --29
('Данила','Шипеев', '22/08/1990', 'М'),    --30
('Филипп','Натаров', '23/09/1991', 'М'),   --31
('Ким','Поветников', '24/10/1992', 'М'),   --32
('Ника','Эвентова', '25/11/1993', 'Ж'),    --33
('Ольга','Ломовцева', '26/12/1994', 'Ж'),  --34
('Наталия','Левкина', '27/01/1995', 'Ж'),  --35
('Ираида','Нуряева', '28/02/1996', 'Ж'),   --36
('Елена','Солодская', '29/03/1971', 'Ж'),  --37
('Эльвира','Яншина', '30/04/1998', 'Ж'),   --38
('Агния','авдонина', '04/07/1969', 'Ж'),   --39
('Берта','Карамзина', '05/08/1980', 'Ж'),  --40
('Маргарита','Кизатова', '06/09/1981', 'Ж'), --41
('Ева','Бугаева', '07/10/1962', 'Ж'),  --42
('Пелагея','Лапаева', '08/11/1973', 'Ж'), --43
('Светлана','Рытина', '09/12/1984', 'Ж'),  --44
('Альбина','Ханилова','10/01/1985','Ж'),   --45
('Елизавета','Румняцева ','11/02/1986','Ж'),  --46
('Диана','Прохоренко','12/03/1987','Ж'),  --47
('Мирослава','Ялбачева','13/04/1970','Ж'),  --48
('Варвара','Калинина','14/05/1967','Ж'), --49
('Александра','Циолковская','15/06/1990','Ж'), --50
('Надежда','Кобзева','16/07/1991','Ж'), --51
('Нина','Житкова','17/08/1992','Ж'), --52
('Максим','Галкин','18/09/1993','Ж'), --53 
('Алла','Пугачева','19/10/1994','Ж'); --54


INSERT INTO Patients (patient_id, police_number, blood_number, rhesus_factor) 
VALUES 
(47, '1783049329023067', 1, '+'), --1
(3, '6784563753462341', 2, '+'),  --2
(35, '123456789012345', 4, '-'),  --3
(23, '8451944392678835', 3, '+'),  --4
(6, '4997056762998236', 2, '+'),  --5
(32, '7985218025702167', 3, '-'),  --6
(27, '9741399027800277', 4, '+'),  --7
(13, '1412704062102963', 1, '+'),   --8
(15, '8364364062259182', 3, '+'),  --9
(2, '7936100576362001', 2, '+'),   --10
(14, '4576027730131147', 1, '-'),  --11
(22, '9641737681312236', 1, '-'),  --12
(21, '6137225617817497', 1, '-'),  --13
(50, '0341928458055718', 1, '+'),  --14
(36, '2337646429908398', 2, '-'),  --15
(44, '5203597068626927', 1, '+'),  --16
(11, '1666919010184978', 3, '+'),  --17
(38, '2636417205553625', 2, '+'),  --18
(17, '5333743765435703', 2, '-'),  --19
(33, '2592934722455922', 1, '-'),  --20
(9, '3640988721977811', 1, '-'),   --21
(1, '5123471584145257', 3, '+'),   --22
(45, '9168844262052056', 2, '-'),  --23
(46, '5672935720275398', 1, '+'),  --24
(7, '9783870214678428', 1, '+'),   --25
(10, '1855092363975846', 2, '+'),  --26
(20, '6186997932526898', 1, '-'),  --27
(34, '5527659179747094', 2, '+'),  --28
(29, '2890758194263238', 2, '+'),  --29
(19, '3656598833334225', 1, '-'),  --30
(30, '2329468276151296', 2, '+'),  --31
(31, '8312401846187240', 4, '-'),  --32
(54, '6581262832454303', 3, '+'),  --33
(53, '7160278620503890', 1, '+'),  --34
(52, '3724080440863970', 2, '-'),  --35
(51, '9888691190818735', 3, '+');  --36
 
INSERT INTO Doctors (doctor_id, hire_date, manager_id) 
VALUES 
(49, '07/08/1988', NULL),
(4, '06/04/1990', 49),
(5, '13/08/2002', 49),
(48, '17/07/1991', 4),
(39, '23/09/1992', 4),
(37, '09/06/1994', 4),
(26, '10/07/2004', 5),
(25, '11/01/2005', 5),
(12, '12/12/1992', 48),
(16, '08/07/1993', 48),
(24, '24/11/1995', 37),
(42, '30/11/1995', 37),
(43, '24/03/1996', 37),
(40, '16/06/2006', 26),
(41, '17/08/2007', NULL),
(13, '17/08/2007', 4),
(28, '04/04/2010', 41);

INSERT INTO Visit (visit_time, patient_id, doctor_id, redirection_id) 
VALUES 
('04/07/2008 10:00:00', 51, 49, 60), --1
('09/01/2008 11:00:00', 54, 4, 37),     --2
('07/10/2008 12:00:00',36, 49,38),     --3
('05/06/2008 09:00:00', 17, 48, 52),     --4
('07/07/2008 09:00:00', 33, 4, 53),      --5
('08/09/2007 09:05:00', 47, 49, 70),     --6
('01/01/1996 09:15:00', 3, 5, 39),       --7
('07/08/2000 18:40:00', 35, 37, 63),     --8
('03/10/2008 09:15:00', 6, 5, 71),       --9
('08/08/2001 09:15:00', 32, 49, NULL),     --10
('09/11/2008 18:30:00', 1, 39, 54),      --11
('17/06/2008 21:25:00', 10, 4, NULL),      --12
('21/07/2008 09:15:00', 53, 49, 40),     --13
('14/05/2008 09:15:00', 52, 12, NULL),     --14
('27/05/2009 09:15:00', 30, 49,NULL),     --15
('12/12/2004 17:15:00', 23, 5,41),     --16
('13/07/2006 09:15:00', 27, 16,NULL),     --17
('12/04/2001 21:25:00', 22, 49, 42),     --18
('14/08/2001 09:15:00', 21, 42, 55),     --19
('15/12/2008 09:15:00', 14, 43, NULL),     --20
('07/06/2008 09:15:00', 2, 4, 43),         --21
('02/02/2005 17:15:00', 15, 26,NULL),     --22
('03/04/2009 09:15:00', 29, 49, 44),     --23
('01/08/1999 09:15:00', 19, 49,NULL),     --24
('03/03/1999 18:40:00', 20, 49, 45),     --25
('07/07/2008 09:15:00', 34, 25, 56),     --26
('06/04/1998 09:15:00', 9, 49, 46),      --27
('05/05/2004 17:15:00', 44, 5, NULL),      --28
('08/11/2008 09:15:00', 11, 41, NULL),     --29
('08/07/2008 18:15:00', 38, 40,NULL),     --30
('15/10/2005 09:15:00', 45, 49, NULL),     --31
('17/02/2006 16:05:00', 46, 28, NULL),     --32
('23/08/2007 09:15:00', 7, 39, NULL),      --33
('30/09/2008 09:15:00', 31, 37, NULL),     --34
('29/07/2008 09:15:00', 50, 49, NULL),     --35
('12/05/1996 17:15:00', 13, 4, 62),
('20/01/2013 13:05:00',54,48, 51), 
('09/11/2008 12:05:00', 36, 5, NULL), 
('04/01/1996 11:05:00', 3, 25, NULL), 
('28/07/2008 20:15:00', 53, 28, NUll), 
('03/07/2005 14:15:00', 23, 4, NULL), 
('17/04/2001 11:15:00', 22, 5, NULL), 
('08/06/2008 10:15:00', 2, 40, NULL), 
('07/04/2009 08:15:00', 29, 24, NULL), 
('04/03/1999 22:15:00', 20, 43, NULL), 
('07/04/1998 15:35:00', 9, 49, NULL), 
('08/04/1998 14:15:00', 9, 40, 48), 
('09/04/1998 07:15:00',9 ,41, 49), 
('10/04/1998 09:45:00',9, 25, NULL),
('11/04/1998 09:15:00',33, 4, NULL),
('20/01/2014 09:15:00',54,48, 57),
('20/02/2009 09:15:00',17,48, NULL),
('20/03/2014 09:15:00',54,48, NULL),
('20/04/2009 09:15:00',1,39, NULL),
('20/05/2002 09:15:00',21,42, NULL),
('20/06/2009 09:15:00',34,25, NULL),
('21/07/2014 09:15:00',54,48, NULL),
('22/07/2015 09:15:00', 54, 48, 59),
('23/07/2015 09:15:00', 54, 48, NULL),
('22/09/2000 09:15:00', 51,4, 61),
('23/10/2001 08:15:00', 51,5, 69),
('01/12/1996 10:00:00', 13, 4, NULL),
('01/01/2001 10:00:00', 35, 37,  64),
('07/01/2017 10:00:00', 35, 49,  65),
('08/01/2017 10:00:00', 35, 49,  66),
('09/01/2017 10:00:00', 35, 49,  NULL),
('08/04/2017 10:00:00', 35, 49,  68),
('11/05/2017 10:00:00', 35, 49,  NULL),
('23/11/2001 11:00:00', 51, 5, NULL),
('08/10/2007 11:00:00', 47,49, NULL),
('13/12/2008 14:00:00', 6, 5, NULL),
('10/11/2020 14:00:00', 1, 26, 73),
('22/11/2020 14:00:00', 1, 26, NULL); --73


INSERT INTO Status_act(status_number, actual_status_name) 
VALUES
(1,'Заболеваний не наблюдается'),
(2,'Идет на поправку'),
(3,'Умеренное'),
(4,'Стабильное'),
(5,'Удоволетворительное'),
(6,'Состояние средней тяжести'),
(7,'Крайнее тяжелое'),
(8,'Терминальное'),
(9,'Ошибься врачом');


INSERT INTO List_status(actual_status_number, actual_status_starts, visit_id) 
VALUES 
(1, '04/07/2010',1),
(3, '05-07/2017',4),
(3, '07/07/2013', 5),
(1, '08/07-2007', 6),
(2, '07/07/2015', 8),
(1, '03/07/2008',9),
(2, '08/07/2012',10),
(3, '09/07/2008',11),
(1, '17/07/2008',12),
(2, '14/05/2012',14),
(2, '14/05/2012',15),
(1, '13/07/2006',17),
(3, '14/08/2001',19),
(2, '15/12/2019',20),
(2, '02/02/2005',22),
(1, '01/08/1999',24),
(3, '07/07/2014',26),
(1, '05/05/2004',28),
(2, '08/11/2009',29),
(2, '08/07/2018', 30),
(4, '15/09/2020', 31),
(2, '15/10/2020', 31),
(2, '17/02/2006', 32),
(3, '23/08/2019', 33),
(2, '23/10/2019', 33),
(1, '30/09/2011', 34),
(1, '29/07/2012', 35),
(9, '09/01/2014', 2),
(3, '20/01/2014',37),
(5, '07/10/2016',3),
(3, '09/11/2016', 38),
(2, '14/11/2016', 38),
(2, '30/12/2016',3),
(3, '09/11/2016', 36),
(6, '01/01/1996', 7),
(2, '04/01/1996', 39),
(5, '21/07/2013', 13),
(5, '28/07/2013', 40),
(2, '21/08/2013', 13),
(2, '28/09/2013', 40),
(3, '12/12/2004', 16),
(2, '03/07/2005', 41),
(4, '12/04/2001', 18),
(3, '15/04/2001', 18),
(2, '17/04/2001', 42),
(4, '07/06/2016', 21),
(2, '08/06/2016', 43),
(5, '03/04/2009', 23),
(2, '07/04/2009', 44),
(7, '03/03/1999', 25),
(2 ,'04/03/1999', 45),
(8, '06/04/1998', 27),
(7, '07/04/1998', 46),
(6, '08/04/1998', 47),
(6, '09/04/1998', 48),
(6, '10/04/1998', 49),
(6, '11/04/1998', 50),
(4, '12/04/1998', 50),
(3, '17/04/1998', 50),
(2, '29/04/1998', 50),
(2, '20/05/2013', 51),
(2, '20/06/2013', 52),
(2, '20/07/2014', 53),
(2, '20/08/2011', 54),
(2, '20/9/2010', 55),
(2, '20/10/2010', 56),
(2, '01/01/2017', 62),
(3, '11/11/2020', 72),
(3, '22/11/2020', 73);

INSERT INTO Diagnosis(diagnosis_id,diagnosis_name, visit_id) 
VALUES 
(1,'Здоров', 1), --1
(2,'ОРВИ', 4), --2
(3,'ОРВИ', 5), --3
(4,'ОРВИ', 6), --4
(5,'ОРВИ', 8),  --5
(6,'Искривление позвоночника', 9),  --6
(7,'Здоров', 10),  --7
(8,'ОРВИ', 11),   --8
(9,'Здоров', 12),  --9
(10,'Здоров', 14),  --10
(11,'Здоров', 15),  --11
(12,'Здоров', 17),   --12
(13,'ОРВИ', 19),   --13
(14,'Здоров', 20),    --14
(15,'Здоров', 22),    --15
(16,'Здоров', 24),    --16
(17,'ОРВИ', 26),    --17
(18,'Здоров', 28),    --18
(19,'Здоров', 29),    --19
(20,'Здоров', 30),    --20
(21,'Здоров', 31),    --21
(22,'Здоров', 32),    --22
(23,'Здоров', 33),    --23
(24,'Здоров', 34),    --24
(25,'Здоров', 35),    --25
(26,'Диагноз не поставлен', 2), --26
(27,'ОРВИ', 37), --27
(28,'ОРВИ', 3), --28
(29,'Здоров', 38), --29
(30,'ОРВИ', 36), --30 
(31,'Здоров', 62),
(32,'Острый синусид', 7), --32
(33,'Здоров', 39), --33
(34,'Вывих конечности', 13), --34
(35,'Здоров', 40), --35
(36,'Артериальное кровотечение', 16), --36
(37,'Здоров', 41),  --37
(38,'Грипп', 18), --38
(39,'Острый синусид', 18), --39
(40,'Здоров', 42), --40
(41,'Искревление позвоночника', 21), --41
(42,'Здоров', 43), --42
(43,'Дальтонизм', 23), --43
(44,'Частично выздоровил',44), --44
(45,'Артериальное кровотечение', 25), --45
(46,'Здоров', 45), --46
(47,'Грипп', 27), --47
(48,'Здоров', 46),--48
(49,'ОРВИ', 47), --49
(50,'ОРВИ', 48), --50
(51,'Здоров', 49), --51
(52,'Болезнь Александера', 50), --52
(53,'Легкая артмия', 50), --53
(54,'Шумы в сердце', 50), --54
(55,'Здоров', 50), --55
(56,'Здоров', 51), --56
(57,'Здоров', 52), --57
(58,'Здоров', 53),  --58
(59,'Здоров', 54), --59
(60,'Здоров', 55), --60
(61,'Здоров', 56), --
(62,'Здоров', 57),
(63,'ОРВИ', 58),
(64,'Здоров', 59),
(65,'Здоров', 60),
(66,'ОРВИ', 61),
(67,'Диагноз не поставлен', 63),
(68,'ОРВИ', 64),
(69,'ОРВИ', 65),
(70,'Здоров', 66),
(71,'ОРВИ', 67),
(72,'Здоров', 68),
(73, 'Здоров', 69),
(74, 'Здоров', 70),
(75, 'Здоров', 71);


INSERT INTO Specialization (profession_name) 
VALUES 
('Оториноларингголог'), --1
('Невролог'), --2
('Хирург'), -- 3
('Терапевт'), --4
('Акулист'), --5
('Кардиолог'), --6
('Ревматолог'), --7
('Инфекционист'),--8
('Медсестра / Медбрат'); --9

INSERT INTO Profession(doctor_id, profession_id, experience_year) 
VALUES 
(49, 4, 32),
(49, 3, 20),
(49, 2, 20),
(49, 1, 20),
(49, 8, 15),
(49, 5, 15),
(4, 4, 20),
(4, 1, 17),
(48, 1, 10),
(5, 8, 9),
(5, 1, 13),
(5, 3, 7),
(5, 6, 7),
(5, 9, 10),
(5, 7, 7),
(39, 3, 4),
(39, 7, 4),
(26, 3, 5),
(24, 5, 3),
(24, 9, 3),
(43, 3, 2),
(43, 9, 2),
(28, 3, 1),
(28, 9, 1),
(41, 3, 2),
(41, 9, 2),
(25, 3, 3),
(16, 2, 2),
(16, 9, 2),
(16, 3, 2),
(16, 6, 1);


INSERT INTO Passport(passport_number, passport_series, passport_start_date, passport_end_date, human_id) 
VALUES
('2959' ,'1844896' , '01/01/1998', '01/01/2023', 1),
('3458', '2650126', '07/06/2015', '07/06/2021', 2),
('1119', '8179536', '09/05/1996', '09/05/2021', 3),
('4261', '4889957', '08/04/1984', '08/04/2009', 4),
('5869', '3330985', '24/05/2013', '08/05/2019', 5),
('3317', '3159500', '08/07/2007', '08/07/2029', 6),
('6770', '9402833', '23/04/2016', '23/04/2030', 7),
('9404', '9025401', '24/05/2015', '24/05/2021', 8),
('8817', '9375224', '27/09/1998', '27/09/2023', 9),
('3537', '1946384', '17/02/2008', '17/02/2033', 10),
('3570', '2953353', '01/02/2009', '01/02/2034', 11),
('8998', '3529447', '09/07/2001', NULL, 12),
('8013', '5516880', '06/05/1996', '06/05/2021', 13),
('1695', '8429603', '08/09/2015', '08/09/2021', 14),
('5411', '8402244', '07/01/2005', '07/01/2030', 15),
('1248', '5554716', '08/04/2015', NULL, 16),
('8684', '7937217', '09/06/2011', '09/06/2017', 17),
('2111', '8382438', '10/07/1992', '10/07/1998', 18),
('5267', '9321256', '11/08/1993', '11/08/1999', 19),
('9115', '6473396', '12/09/1994', '12/09/2000', 20),
('6211', '2323136', '13/10/2001', '13/10/2026', 21),
('8269', '9587470', '14/11/2002', '14/11/2027', 22),
('8278', '3466301', '15/12/2003', '15/12/2028', 23),
('3413', '2055255', '16/01/1994', '16/01/2019', 24),
('6455', '6482351', '17/02/2005', '17/02/2030', 25),
('7617', '7355353', '18/03/2004', '18/03/2029', 26),
('2369', '8886144', '19/04/2007', '19/04/2032', 27),
('4134', '6537153', '20/05/2008', '20/05/2033', 28),
('3211', '4871150', '21/06/2009', '21/06/2034', 29),
('7658', '7489654', '22/08/2010', '22/08/2035', 30),
('4209', '7459150', '23/09/2011', '23/09/2036', 31),
('5647', '3385526', '24/10/2012', '24/10/2037', 32),
('3977', '3071172', '25/11/2013', '25/11/2038', 33),
('1465',  '6695881', '26/12/2014', '26/12/2039', 34),
('3352', '3907001', '27/01/2015', '27/01/2040', 35),
('8066',  '7348951', '28/02/2010', '28/02/2016', 36),
('1455', '9732938',  '29/03/1991', '29/03/2016',37),
('1454', '8137372', '29/03/2016', '29/03/2031', 37),
('4476', '2124946', '30/04/2012', '30/04/2018', 38),
('6793', '4918094', '04/07/1983', '04/07/1989', 39),
('6783', '5923293', '04/07/1989', '04/07/2016', 38),
('7892', '2387298', '04/07/2016', '04/07/2041', 38),
('3548', '8656915', '05/08/2000', '05/08/2025', 40),
('1672', '2229047', '06/09/2001', '06/09/2026', 41),
('2431', '8882803', '07/10/2007', NULL, 42),
('3040', '1460706', '08/11/1993', '08/11/2018', 43),
('2019', '1073625', '09/12/2004', '09/12/2029', 44),
('7106', '4275106', '10/01/2005', '10/01/2030', 45),
('7897',  '9836425', '11/02/2006', '11/02/2031', 46),
('7235', '6364501', '12/03/2007', '12/03/2032', 47),
('5124',  '4652153', '13/04/1984', '13/04/1990', 48),
('5125', '4657153', '13/04/1990', '13/04/2015', 48),
('9169', '5944946', '14/05/1981', '14/05/1985', 49),
('9169', '5944946', '14/05/1985', '14/05/2005', 49),
('9169', '5944946', '14/05/2005', NULL, 49),
('6578', '4488842', '15/06/2010', '15/06/2035', 50),
('7579', '6214156', '16/07/2011', '16/07/1991', 51),
('4928', '5953080', '17/08/2006', '17/08/2012', 52),
('4927', '5953480', '17/08/2012', '17/08/2037', 52),
('9721', '4717647', '18/09/2013', '18/09/2038', 53),
('1240',  '7308023', '19/10/2014', '19/10/2039', 54),
('3446', '6438552', '09/06/2017', '09/06/2032',17),
('9220', '7224736', '10/07/1998', '10/07/2023', 18),
('9791', '5971690', '11/08/1999', '11/08/2024', 19),
('3564', '6743904', '12/09/2000', '12/09/2025', 20); 

INSERT INTO time_of_work(start_of_work, end_of_work, day_of_work, doctor_id)
VALUES 
('09:00:00', '18:00:00', 'Понедельник', 49), --1
('09:00:00', '18:00:00', 'Вторник', 49), --2
('09:00:00', '18:00:00', 'Среда', 49), --
('09:00:00', '18:00:00', 'Четверг', 49), --1
('09:00:00', '18:00:00', 'Пятница', 49), --1
('09:00:00', '14:00:00', 'Суббота', 49), --1
('09:00:00', '18:00:00', 'Понедельник', 4), --1
('09:00:00', '18:00:00', 'Вторник', 4), --1
('09:00:00', '18:00:00', 'Среда', 4), --1
('09:00:00', '14:00:00', 'Четверг', 4), --1
('09:00:00', '18:00:00', 'Пятница', 4), --1
('09:00:00', '18:00:00', 'Суббота', 4), --1
('09:00:00', '18:00:00', 'Понедельник', 5), --1
('09:00:00', '18:00:00', 'Понедельник', 5), --1
('09:00:00', '18:00:00', 'Вторник', 5), --1
('09:00:00', '18:00:00', 'Среда', 5), --1
('09:00:00', '18:00:00', 'Четверг', 5), --1
('09:00:00', '18:00:00', 'Пятница', 5), --1
('09:00:00', '18:00:00', 'Суббота', 5), --1
('09:00:00', '18:00:00', 'Понедельник', 48), --1
('09:00:00', '18:00:00', 'Вторник', 48), --1
('09:00:00', '18:00:00', 'Среда', 48), --1
('09:00:00', '18:00:00', 'Четверг', 48), --1
('09:00:00', '17:00:00', 'Пятница', 48), --1
('09:00:00', '14:00:00', 'Суббота', 48), --1
('09:00:00', '18:00:00', 'Понедельник', 39), --1
('09:00:00', '18:00:00', 'Вторник', 39), --1
('09:00:00', '18:00:00', 'Среда', 39), --1
('09:00:00', '18:00:00', 'Четверг', 39), --1
('09:00:00', '18:00:00', 'Пятница', 39), --1
('09:00:00', '14:00:00', 'Суббота', 39), --1
('09:00:00', '18:00:00', 'Понедельник', 37), --1
('09:00:00', '18:00:00', 'Вторник', 37), --1
('09:00:00', '18:00:00', 'Среда', 37), --1
('09:00:00', '13:00:00', 'Четверг', 37), --1
('09:00:00', '18:00:00', 'Пятница', 37), --1
('09:00:00', '14:00:00', 'Суббота', 37), --1
('09:00:00', '18:00:00', 'Понедельник', 26), --1
('09:00:00', '18:00:00', 'Вторник', 26), --1
('09:00:00', '18:00:00', 'Среда', 26), --1
('09:00:00', '18:00:00', 'Четверг', 25), --1
('09:00:00', '18:00:00', 'Пятница', 25), --1
('09:00:00', '18:00:00', 'Суббота', 25), --1
('09:00:00', '18:00:00', 'Понедельник', 12), --1
('09:00:00', '18:00:00', 'Вторник', 12), --1
('09:00:00', '14:00:00', 'Среда', 12), --1
('09:00:00', '18:00:00', 'Четверг', 12), --1
('09:00:00', '18:00:00', 'Пятница', 12), --1
('09:00:00', '18:00:00', 'Суббота', 12), --1
('09:00:00', '18:00:00', 'Понедельник', 16), --1
('09:00:00', '18:00:00', 'Вторник', 16), --1
('09:00:00', '18:00:00', 'Среда', 24), --1
('09:00:00', '18:00:00', 'Четверг', 24), --1
('09:00:00', '14:00:00', 'Пятница', 24), --1
('09:00:00', '14:00:00', 'Суббота', 42), --1
('09:00:00', '18:00:00', 'Понедельник', 43), --1
('09:00:00', '18:00:00', 'Вторник', 40), --1
('09:00:00', '18:00:00', 'Среда', 41), --1
('09:00:00', '18:00:00', 'Четверг', 41), --1
('09:00:00', '18:00:00', 'Пятница', 41), --1
('09:00:00', '16:00:00', 'Суббота', 41), --1
('09:00:00', '18:00:00', 'Понедельник', 28), 
('09:00:00', '18:00:00', 'Понедельник', 28), --1 --1
('09:00:00', '18:00:00', 'Среда', 28), --1
('09:00:00', '18:00:00', 'Четверг', 28), --1
('09:00:00', '18:00:00', 'Пятница', 28), --1
('09:00:00', '18:00:00', 'Суббота', 28),
('09:00:00', '18:00:00', 'Понедельник', 13), --1
('09:00:00', '18:00:00', 'Вторник', 13), --1
('09:00:00', '14:00:00', 'Среда', 13), --1
('09:00:00', '18:00:00', 'Четверг', 13), --1
('09:00:00', '18:00:00', 'Пятница', 13), --1
('09:00:00', '18:00:00', 'Суббота', 13); --1--1



INSERT INTO Social_status_name(social_status_name) 
VALUES  
('Студент'), --1
('Малоимущий'), --2
('Работающий'), --3
('Временно неработающий'), --4
('Инвалид'), --5
('Пенсионер'), --6
('Учащийся');  --7

INSERT INTO Social_status(social_status_number, social_status_start, social_status_end, patient_id)
VALUES 
(4, '09/08/2005', '09/09/2006', 47),
( 3, '09/09/2006', NULL,  47),
( 3, '09/08/2000', NULL, 3),
( 1, '01/09/2013', NULL,  35),
( 3, '08/09-2019', NULL, 23),
( 2, '01/03/1999', '03/04/2000',  6),
( 2, '03/04/2000', NULL,  6),
( 5, '09/06/2001', NULL, 32),
( 1, '23/11/2013', NULL,  27),
( 3, '07/06/2010', NULL, 13),
( 5, '13/09/2009', NULL, 15),
( 7, '14/08/2009', NULL, 2),
( 7, '13/06/2010', NULL, 14),
( 4, '26/10/1999', '26/11/2000', 22),
( 3, '26/11/2000', NULL, 22),
( 5, '23/10/1999', NULL, 21),
( 2, '07/07/2008', NULL, 50),
( 1, '08/01/2006', NULL, 36),
( 4, '07/05/2004',NULL, 44),
( 5, '06/06/2005', NULL, 11),
( 3, '08/07/2007', NULL, 38),
( 7, '24/12/2005', NULL, 17),
( 1, '23/11/2010', NULL,33),
( 3, '12/04/2011', NULL, 9),
( 3, '13/02/2009', NULL, 1),
( 4, '19/08/2007', '19/09/2007', 45),
(3, '19/08/2007', NULL, 45),
( 5, '18/09/2006', NULL, 46),
( 1, '17/08/2009', NULL, 7),
( 3, '16/07/2010', NULL, 10),
( 3, '22/11/2011', NULL, 20),
( 1, '30/07/2012', NULL, 34),
( 1, '25/06/2010', NULL, 29),
( 2, '08/09/2001', NULL, 19),
( 3, '10/09/2010', NULL, 30),
( 1, '07/08/2009', NULL, 31),
( 3, '23/12/2011', NULL, 54),
( 1, '23/11/2010', NULL, 53),
(2, '24/05/2012', NULL, 53),
( 3, '24/06/2013', NULL,52),
(1, '14/08/2008', NULL, 51) ;
